{
  "horizon": 1,
  "model_type": "deepgbm",
  "timestamp": "2025-11-14T11:38:33.751114",
  "training_time_seconds": 29.71078085899353,
  "best_xgb_weight": 0.8,
  "params": {
    "num_buckets": 100000,
    "emb_dim": 32,
    "hidden": [
      128,
      64
    ],
    "dropout": 0.35,
    "batch_size": 128,
    "lr": 0.0005,
    "weight_decay": 0.001,
    "max_epochs": 80,
    "patience": 20,
    "min_delta": 0.0005,
    "es_warmup_epochs": 4,
    "gradient_accumulation_steps": 1,
    "seed": 42,
    "xgb_params": {
      "n_estimators": 800,
      "max_depth": 10,
      "learning_rate": 0.03,
      "subsample": 0.8,
      "colsample_bytree": 0.8,
      "min_child_weight": 3.0,
      "gamma": 0.1,
      "reg_lambda": 2.0,
      "reg_alpha": 0.2,
      "tree_method": "hist",
      "eval_metric": "mlogloss",
      "n_jobs": -1,
      "random_state": 42
    }
  },
  "results_deep_only": {
    "train": {
      "accuracy": 0.9305675597810429,
      "f1_macro": 0.9275458729237869,
      "f1_weighted": 0.9312330627222317,
      "per_class_f1": {
        "low": 0.9530428249436514,
        "mid": 0.8865053629333999,
        "high": 0.943089430894309
      }
    },
    "valid": {
      "accuracy": 0.8452380952380952,
      "f1_macro": 0.8145213375252857,
      "f1_weighted": 0.8460543334830459,
      "per_class_f1": {
        "low": 0.9072164948453608,
        "mid": 0.7446808510638298,
        "high": 0.7916666666666667
      }
    },
    "test": {
      "accuracy": 0.7365376056964842,
      "f1_macro": 0.7119849861853588,
      "f1_weighted": 0.7406938042485472,
      "per_class_f1": {
        "low": 0.8344237544036235,
        "mid": 0.5334476843910806,
        "high": 0.768083519761372
      }
    }
  }
}