{
  "horizon": 6,
  "model": "XGBoost",
  "timestamp": "2025-11-13T08:55:07.671950",
  "training_time_seconds": 144.91388607025146,
  "parameters": {
    "n_estimators": 800,
    "max_depth": 6,
    "learning_rate": 0.03,
    "subsample": 0.7,
    "colsample_bytree": 0.7,
    "min_child_weight": 3.0,
    "gamma": 0.1,
    "reg_lambda": 2.0,
    "reg_alpha": 0.5,
    "early_stopping_rounds": 100,
    "random_state": 42,
    "best_iteration": 402
  },
  "results": {
    "train": {
      "accuracy": 0.994958225295304,
      "f1_macro": 0.9948727284080844,
      "f1_weighted": 0.9949595451542972,
      "per_class_f1": {
        "low": 0.9944485566247224,
        "mid": 0.9927760577915377,
        "high": 0.9973935708079931
      }
    },
    "valid": {
      "accuracy": 0.6488095238095238,
      "f1_macro": 0.6337572373862697,
      "f1_weighted": 0.6677338118870377,
      "per_class_f1": {
        "low": 0.7375,
        "mid": 0.5483870967741935,
        "high": 0.6153846153846154
      }
    },
    "test": {
      "accuracy": 0.6239964317573595,
      "f1_macro": 0.5701633800397203,
      "f1_weighted": 0.6149222619595829,
      "per_class_f1": {
        "low": 0.7604885820499203,
        "mid": 0.30701754385964913,
        "high": 0.6429840142095915
      }
    }
  }
}