{
  "horizon": 1,
  "model": "XGBoost",
  "timestamp": "2025-11-13T08:52:38.884778",
  "training_time_seconds": 85.08963394165039,
  "parameters": {
    "n_estimators": 600,
    "max_depth": 8,
    "learning_rate": 0.05,
    "subsample": 0.8,
    "colsample_bytree": 0.8,
    "min_child_weight": 2.0,
    "gamma": 0.0,
    "reg_lambda": 1.0,
    "reg_alpha": 0.0,
    "early_stopping_rounds": 50,
    "random_state": 42,
    "best_iteration": 100
  },
  "results": {
    "train": {
      "accuracy": 0.9953903774128493,
      "f1_macro": 0.99523360031761,
      "f1_weighted": 0.9953986194123768,
      "per_class_f1": {
        "low": 0.9951905290418054,
        "mid": 0.9920369894682763,
        "high": 0.9984732824427481
      }
    },
    "valid": {
      "accuracy": 0.8690476190476191,
      "f1_macro": 0.8556638397063928,
      "f1_weighted": 0.8719155401336252,
      "per_class_f1": {
        "low": 0.9148936170212766,
        "mid": 0.7884615384615384,
        "high": 0.8636363636363636
      }
    },
    "test": {
      "accuracy": 0.7997329773030708,
      "f1_macro": 0.7819073883352129,
      "f1_weighted": 0.8045208116891022,
      "per_class_f1": {
        "low": 0.8796433878157504,
        "mid": 0.6502057613168725,
        "high": 0.8158730158730159
      }
    }
  }
}