{
  "horizon": 12,
  "model": "XGBoost",
  "timestamp": "2025-11-13T17:28:49.453720",
  "parameters": {
    "n_estimators": 600,
    "max_depth": 8,
    "learning_rate": 0.05,
    "subsample": 0.8,
    "colsample_bytree": 0.8,
    "min_child_weight": 2.0,
    "gamma": 0.0,
    "reg_lambda": 1.0,
    "reg_alpha": 0.0,
    "early_stopping_rounds": 50,
    "random_state": 42,
    "best_iteration": 47
  },
  "results": {
    "train": {
      "accuracy": 0.966724286949006,
      "f1_macro": 0.9654534818253476,
      "f1_weighted": 0.9668524264087798,
      "per_class_f1": {
        "low": 0.975317875841436,
        "mid": 0.9499618999237999,
        "high": 0.9710806697108066
      }
    },
    "valid": {
      "accuracy": 0.44047619047619047,
      "f1_macro": 0.45066165344803116,
      "f1_weighted": 0.43947506312057394,
      "per_class_f1": {
        "low": 0.4411764705882353,
        "mid": 0.4195804195804196,
        "high": 0.49122807017543857
      }
    },
    "test": {
      "accuracy": 0.6064400715563506,
      "f1_macro": 0.562422314227539,
      "f1_weighted": 0.5985409991982673,
      "per_class_f1": {
        "low": 0.7175572519083969,
        "mid": 0.34949267192784667,
        "high": 0.6202170188463735
      }
    }
  }
}