{
  "horizon": 12,
  "model": "XGBoost",
  "timestamp": "2025-11-13T08:55:49.475397",
  "training_time_seconds": 38.368242502212524,
  "parameters": {
    "n_estimators": 1000,
    "max_depth": 5,
    "learning_rate": 0.02,
    "subsample": 0.6,
    "colsample_bytree": 0.6,
    "min_child_weight": 5.0,
    "gamma": 0.2,
    "reg_lambda": 3.0,
    "reg_alpha": 1.0,
    "early_stopping_rounds": 120,
    "random_state": 42,
    "best_iteration": 73
  },
  "results": {
    "train": {
      "accuracy": 0.7918467300489772,
      "f1_macro": 0.7855890792133172,
      "f1_weighted": 0.7927283395845895,
      "per_class_f1": {
        "low": 0.836804240817872,
        "mid": 0.7074898785425101,
        "high": 0.8124731182795699
      }
    },
    "valid": {
      "accuracy": 0.375,
      "f1_macro": 0.399583198258695,
      "f1_weighted": 0.34167570839756267,
      "per_class_f1": {
        "low": 0.2923076923076923,
        "mid": 0.3973509933774834,
        "high": 0.509090909090909
      }
    },
    "test": {
      "accuracy": 0.6028622540250447,
      "f1_macro": 0.5636059470480269,
      "f1_weighted": 0.5991402881341278,
      "per_class_f1": {
        "low": 0.7175170962651236,
        "mid": 0.3625,
        "high": 0.6108007448789572
      }
    }
  }
}